{"cameraMode":{"drawMode":0,"name":"Shaded","section":"Shading Mode"},"sceneLighting":true,"audioPlay":false,"sceneViewState":{"showFog":true,"showMaterialUpdate":false,"showSkybox":true,"showFlares":true,"showImageEffects":true,"showParticleSystems":true},"in2DMode":false,"pivot":{"x":-6.885403156280518,"y":20.707448959350587,"z":-0.5926100611686707},"rotation":{"x":0.41599956154823305,"y":0.5728554725646973,"z":-0.41925209760665896,"w":0.5683727860450745},"size":0.15789371728897096,"orthographic":false}